{"cameraMode":{"drawMode":0,"name":"Shaded","section":"Shading Mode"},"sceneLighting":true,"audioPlay":false,"sceneViewState":{"m_AlwaysRefresh":false,"showFog":true,"showSkybox":true,"showFlares":true,"showImageEffects":true,"showParticleSystems":true,"showVisualEffectGraphs":true,"m_FxEnabled":true},"in2DMode":false,"pivot":{"x":7.573352336883545,"y":-14.857149124145508,"z":0.017246246337890626},"rotation":{"x":0.0232455562800169,"y":0.9501922130584717,"z":-0.3020797073841095,"w":0.0731193795800209},"size":24.385467529296876,"orthographic":false}